country,1995,1996,1997,1998,1999,2000,2001,2002,2003,2004,2005,2006,2007,2008,2009,2010,2011,2012,2013,2014,2015,2016,2017,2018,2019,2020,2021,2022,2023,2024
Algeria,1652.9613847127312,1882.0672367020184,2263.6764455686543,2394.126106907935,2526.6862064183038,2931.8895954415807,3208.9867537617847,3279.209632717683,3208.536026846801,3649.5360217934754,3820.6454921355453,3916.3558175576245,4594.953793395914,5353.754726208913,5814.7351221239005,6153.7564632831145,8807.051661171352,9267.59977437198,10010.515043819347,11528.814960795356,12061.301802186554,12097.301650708918,11456.741929940246,10987.573612936829,11853.72880159638,11577.302065989732,10794.201019648395,10441.084809688,18263.96796826213,20423.216124981845
Libya,NA,NA,543.74345100102,613.3444054334307,473.58865661044166,506.8775673870479,495.8855959395897,637.3086239474054,793.2349600611385,1035.8375961572235,1020.3819257559745,897.7928318134724,844.9736328425697,1277.0271250228932,NA,NA,NA,2770.7336247882986,3612.792439253723,3342.7597961871115,NA,NA,NA,NA,NA,NA,NA,1254.746072763384,1573.6827773146888,NA
Morocco,2038.204040553588,2032.759897104164,2128.9514265952453,2154.338715159323,1523.435829740359,1677.5906529169965,2499.1560808156078,2377.7935182447695,2518.6634997992214,2447.9784314990934,2540.4133756031056,2564.6661445894265,2641.1839776326483,2945.9815579204987,3146.517306320961,3367.440089256318,3391.989127997146,3635.9463091546904,4153.868939895227,4118.755248680564,3802.7463174659747,3825.918002195209,3938.458969447896,3965.9697792280867,4049.1071141569696,5190.109540445423,5341.867567259612,5308.917029176563,5184.928399542389,5318.16614824445
Tunisia,339.9871893562057,391.0481942751126,386.2412032030554,393.9195385222371,389.95364990516913,407.4412742944351,423.4569924119452,419.23994933919647,436.26021341429157,444.1472043280053,477.81390175500275,504.0096952290333,465.0051507958077,505.60896627803373,521.4439067417045,540.9878479179323,645.3344539523546,651.8674273552142,717.6817311322008,857.4269020348798,1022.9311946508258,1089.1961518920539,1011.1538486606858,1015.2161432851319,1248.4627375618372,1307.3326012844027,1312.3728527545404,1253.638778119926,1208.204189729942,1229.9259539325608
Angola,1079.7152003965398,808.8225511399106,1296.3241722297712,399.83844596221064,5109.934315634216,2367.033259932854,1426.3250683129356,1462.0529612693817,1930.7493517491991,1837.7647134052738,2603.7820414081198,3058.509263838619,2682.53689888424,3631.41065684268,3533.2664539697057,3780.7937817536954,3540.074932745346,3715.3583090065085,5074.54181489819,5415.15644221607,3187.618911010112,2546.6551333017155,2203.3624745745283,1816.6123001879628,1659.9252976623459,1453.0302840543466,1238.1327827799907,1240.2989510786344,1247.8463450851725,914.142476799792
Benin,NA,NA,NA,NA,30.66182035113127,27.653914373793075,24.767424293737086,45.56121157733318,49.73664712807549,54.205156306464445,54.962532490038015,54.94260018830078,NA,59.528798853382376,NA,NA,NA,72.54866366671645,76.85879663212961,83.62536793517799,97.57104101270032,86.32614905903239,122.05616358285104,89.54727941244269,71.79211079049621,72.1615732671137,92.74751473511246,116.18425311897016,149.03528800474317,151.0237844857233
Botswana,224.4888598435636,207.2144428038583,239.0235162235585,292.5987529238644,278.3342587476197,307.9919318052716,376.78861462135905,401.5911489051385,387.4020758463742,358.29120778276666,324.6828515202343,319.6446955889924,352.5216765336759,377.3021752534513,363.57943708674094,340.89172223909765,329.66067261658395,307.2961803449155,299.9191152733308,346.9315989956973,420.82746067826093,590.6926375537543,551.9858618625848,501.8241990653689,531.7407736431456,537.969022682411,523.115516665708,499.26984607256594,485.56787004692586,555.8060930529796
Burkina Faso,60.02611623380983,58.42108603935542,67.61508051578548,66.63140924471715,74.29159210976337,75.67810348079018,74.5544301843976,79.99333485160649,78.13341147690659,92.2753932272841,97.33317235411721,92.74292203582874,126.47470768063084,115.88397985830464,129.60544703442142,133.08204043347075,138.4981820123227,153.56422233915734,166.23346188653505,177.86412505894324,176.38661209349135,177.87809128715372,220.91347372097908,329.644447715007,420.4256347786308,433.00779903041325,482.5253420288919,582.7394397650302,827.15301886182306,1002.3454328566442
Burundi,74.67413604292942,86.52690507058105,93.37278449428634,100.13028606926254,104.95309594917916,90.26472582309081,119.68383133937861,114.75231118897584,116.61154535155804,113.30211041625034,108.54996597831565,90.66929979934443,91.08828972426271,75.99473747624799,NA,NA,NA,81.53601331114307,84.04924291835827,81.80168192006973,83.81867506491245,83.86889752733983,72.26804421664652,78.78145636778564,106.40200316699752,82.05705515300167,79.15189150045619,102.12172931970478,145.1680216511481,160.43978316888985
Cameroon,197.85730607125933,200.89124113775284,222.06270550983982,251.5226496502714,271.6803043999357,263.87715322502595,262.8642434625806,284.74418532205476,305.4407813772849,324.9001475557249,320.837599134339,348.47021679095883,365.4722187902821,378.6837975992664,383.7941373855025,409.9867122585481,372.4042148405806,400.0267615158468,420.383175270758,422.2620594051869,433.4677366416234,471.75301827699604,486.882711417571,482.33327274343725,487.6084749540996,435.3871240914036,462.54603639917605,460.0094197334916,456.5690918880268,512.1739138366673
Cape Verde,9.228074501606303,6.426560369471851,6.424586906460381,7.136890853723115,7.996793093445694,12.88562492292584,8.75513744118852,7.963288631878909,8.394236263473932,8.677162377318268,9.470378198443171,8.787450163345591,8.772598129525624,10.397103708402275,8.478591148249206,8.542539482940452,9.225631455373074,9.713116101431593,9.335343074270835,9.58726734282476,10.169686441251768,11.793940253958265,10.601501253718867,11.40397065335778,10.795923441063852,12.221818840793292,11.497935181797624,10.949159295176514,14.353938320532245,16.518501717944265
Central African Republic,27.184483571276314,25.171370349961645,NA,NA,NA,NA,NA,27.86951586338324,31.377767541767632,29.286961764096297,28.97273859187289,NA,30.337611018418617,42.774670256254495,49.76488948155797,73.71325564206059,67.0981630909442,58.98834743245713,59.816613015187116,41.754234544962976,34.248368650841435,32.8865369684316,32.044800322902496,33.10373697738945,45.41835983781157,47.695340324573856,55.19768145455634,44.472364947037995,62.52702181344471,67.99343375594113
Chad,38.2379991554606,43.61975707436577,31.55741703560544,29.644244413174164,43.766012028040606,49.670547689157246,55.804524156040685,66.03651056121177,66.9332589936453,79.33785177551883,80.61377018880067,297.24557838247335,522.3165161728673,695.2240088830043,805.7261952710152,719.2924184776386,664.9987842677915,NA,769.8619489490917,409.2579846543844,264.15916415711524,374.0807077722232,266.1636448381067,279.1824904246323,275.57083224706,356.3807709795991,354.90383141721946,378.0610922968071,372.7518557233594,531.2943162621683
"Congo, DR",NA,101.8523134030526,83.85163976612701,25.23931776221925,91.95759220201057,72.39971458578594,NA,NA,116.62633089410878,193.24825227357854,226.82113738440185,246.12740776861799,232.37932004661957,167.16876812041107,180.0862630940506,282.3389419702619,323.0614251826246,410.09913847965294,458.1951993268579,414.8204133223603,593.3104403732854,507.0257450797958,400.6184571566667,344.81311377013543,401.5866520526148,415.35627534674467,347.43447154441503,389.8964747568739,794.2445980722746,934.635978351288
"Congo, Republic",NA,NA,NA,NA,NA,NA,120.37302384109502,142.39512724593396,158.48844717520203,186.4167663506655,146.57909393765513,171.0612142077312,202.82690024488667,223.14683582199837,NA,247.53532095943078,NA,NA,371.1767286105594,706.8976913826165,NA,567.0973212420349,414.23061596221623,304.55695888479113,322.4534404162366,309.467130347483,307.68121183811377,285.1004970730779,284.9944296640487,174.99615104152153
Cote d'Ivoire,NA,169.09118148858195,168.96866517410282,NA,NA,NA,NA,NA,319.2759799079072,336.80244294163214,322.49163143279793,333.83001166077406,363.4878429899453,364.1833042490476,432.8408101653119,413.9480857455571,346.4752677699739,422.08913359159334,420.06990886565245,507.3288019073826,655.064217699151,689.8614591909914,564.6170497538415,645.2907733817373,606.6123625973588,658.9254377606558,640.81295131535,651.755036678779,682.1771113492144,634.0816886411855
Djibouti,61.52931318541429,49.24068279076602,51.99721739275896,51.1668196716048,51.51585856473444,49.08259505338711,48.276438904427835,61.23894598842015,75.43206094241668,65.42564576663395,76.18105351485069,81.28010563574567,53.98167625939224,50.668692148374475,NA,NA,NA,NA,NA,NA,NA,NA,NA,NA,NA,NA,NA,NA,NA,NA
Equatorial Guinea,8.66012966842585,NA,NA,NA,NA,NA,NA,NA,NA,NA,NA,NA,260.73822628157706,340.9629448643676,436.29105511237117,NA,NA,NA,NA,162.67182858250706,157.7432500036329,158.19682276431254,152.10795651090262,156.35187348867433,161.43161049631493,165.31398265769877,159.9246594581277,165.25875117706983,162.19239415267498,108.75509688170538
Eritrea,NA,NA,NA,NA,NA,NA,NA,NA,NA,NA,NA,NA,NA,NA,NA,NA,NA,NA,NA,NA,NA,NA,NA,NA,NA,NA,NA,NA,NA,NA
Ethiopia,323.9302543550899,376.9828791639497,693.2421438277748,1482.4039743181804,2352.3143839517656,2121.7146742563423,1348.036620681209,1120.3946459380472,954.1666045926041,1034.9929939090257,1038.744518153199,938.2379324807339,859.3504517435044,687.0154235793583,679.7685814650398,687.4729039057962,662.5096005480721,619.1583577487132,620.6785182209483,677.0609855136522,694.0787373259288,762.0534273139226,794.9676803002717,801.7603231117773,760.2997625066271,1066.6157216364925,2229.4199124304123,2210.181008601298,1409.020101008437,1119.099381859625
Gabon,NA,NA,NA,NA,NA,178.24067142591502,177.195077257385,177.13010081841279,165.3818639187133,172.81426466671277,157.05527226280938,174.13099500909956,NA,NA,NA,297.78066520462926,277.27455478950566,305.6225888907584,298.5178505487386,210.4824106636687,206.82209843789693,241.81634792861502,307.49323089850003,271.3811287385042,285.3055795141789,272.9291759559607,307.6392589751041,295.8631218412608,265.3858026318787,312.4799439930434
"Gambia, The",2.493754290778716,3.447020191533094,3.7108969571619137,3.7130813634962827,3.3277634988632534,3.497379595850047,3.0319989893021786,3.262980832336768,3.531579782989967,3.1465193907935767,4.413977825606979,3.9650364507484492,5.442389527515307,17.549143646245266,8.330092126036147,NA,NA,13.759672545854603,13.555337043468336,20.8884927277757,18.96958252791997,NA,NA,14.375421395927033,17.57926418075956,17.470244526093833,17.45799722360102,16.366363850926497,13.950935482351191,14.20608774699671
Ghana,50.60941068600793,42.64473128729098,42.758144495297,53.187115948795174,60.361342934703984,75.50286634362337,44.594114097622594,51.55632516456583,62.57513028962903,58.225479129520494,57.891122520787604,61.83845888888444,94.87446955324349,83.05103958192076,96.5230149597816,91.67791344766711,170.42796927868005,262.05134779185113,193.06637353474107,258.2009998298154,206.51242016325355,156.03077945111963,178.30945458589952,202.39488015050367,230.27380528437828,235.13619405127957,274.68654543488276,244.2267777051518,285.3759346916375,279.16882283991714
Guinea,NA,NA,112.98760182715203,123.20580694876121,162.0567342909389,159.11779279375278,321.74108419449897,353.9467219993044,274.6858832567526,254.5731121874654,NA,NA,NA,NA,NA,NA,NA,381.34607662584864,392.70507862483294,375.88305384548386,403.45602336507073,326.48168404744945,342.17847815736576,335.71529273240276,312.5644513848155,309.674341338237,332.12454545683687,485.57534891882545,504.6671802862754,505.4432963735355
Guinea-Bissau,4.563709451249804,3.7907244303555627,3.503212963808164,5.230245807241124,NA,19.50176221157991,12.603431995082277,11.93833607170985,12.168026875473158,NA,17.102553639326473,NA,NA,NA,14.988281170903218,19.112095159076958,17.72864869812079,26.25491333203009,22.253521530052083,22.361757823038804,20.917451516600256,19.081621438494007,22.46273408809044,23.602728294173044,26.43236576944931,27.480000875030797,27.523066156365925,27.037826484376307,25.29239217056829,NA
Kenya,533.5047917444667,623.4779764195586,592.6708243883247,558.2316318465965,543.3224607687806,583.248601859059,671.1977393144431,722.4276841270243,729.385269742754,719.716273202829,759.1781706078409,750.8901800244038,840.7925378878648,802.4596500944443,818.7100387344416,868.0349105184818,887.0910794414316,1002.7919652097328,990.0077905383151,900.0244004438149,971.2980036846328,1044.940953292857,1072.3692485575825,1100.2693701503526,1055.9894009505795,1044.6545217700689,1073.9532289560402,1048.726389087329,1053.7955722424294,1129.8061060519874
Lesotho,14.13657529566009,12.639761077346064,20.534399579763477,24.33291133614496,34.5243337245889,33.131157571714354,34.81072488697528,26.634624469595593,25.078694071266575,23.38887191742128,23.84385570156864,25.078351659757967,27.318469612255154,19.865275305046605,42.47353223260813,56.05412605472468,43.57140281981494,42.517487070799035,42.93578948081868,45.5650469159874,47.907447015270776,48.87062110856356,53.462240230074066,49.4611759812865,45.03554477037175,42.116844572187944,34.183705103780206,32.7215058405404,34.446236515400514,33.80712881643252
Liberia,NA,NA,NA,NA,NA,NA,NA,NA,NA,32.8724723500623,43.76724442854577,23.69807267206445,14.903485708070281,23.562996980662977,30.237546928297338,38.007415755380656,48.91402437597643,55.419407727929844,51.286463458387125,44.89087693941894,42.43377271189773,38.756655642923214,31.245277652553987,25.088247033564677,19.269358722301668,16.47615271294381,35.208089123346724,57.467109383478956,62.518,31.415993833792687
Madagascar,54.43788431325457,78.75587182589565,100.41147055313454,97.01627450862038,90.98594145621333,91.8301154053272,114.12359713692548,90.18850845153263,104.4274598102124,103.88425128550395,93.28465440732195,89.90003904752885,108.36057574863919,113.92159772937931,82.29678083510763,64.53740402010152,72.23797186314074,70.61428512421284,70.25829478672634,70.25110092212437,67.20569816734631,69.18371999022686,70.1602159311685,75.89519876973388,81.91601285048813,93.99580807867875,101.01883005327383,100.02889681745606,101.86616111700118,115.41093540541716
Malawi,12.987011069501236,17.24401634074808,22.240762397964644,17.75326203616228,17.310103516936607,14.690108975660651,15.697995373926377,16.975873951156938,17.429552370723254,29.271957100281366,47.982611891919206,39.341091624205845,40.52580613663847,49.531486989726034,60.68712310497307,51.201904262789654,52.273258201657235,59.96583131187904,93.95803511197688,69.55304873532269,55.14495637782087,56.0078385517603,69.26576625974438,75.9104822053836,101.75233105438622,110.16408360431207,99.81470489473752,124.69292227941385,149.58233654066032,136.43785529315193
Mali,60.12182674847973,56.56963564628072,65.72560043030373,65.05728861788985,73.4675878567839,85.20115266862632,85.68777404020807,85.30144111773674,97.52549190490271,106.09257113733975,111.1715146245824,120.52583736017688,125.23991262368429,138.7905243904437,144.34241361619937,152.1789201735228,154.51958043305194,146.71001771099597,147.60559451693854,207.61161046804656,346.9996715684678,415.3854374673086,513.1418789697934,506.9025753572847,536.5739195854408,655.0870015236223,667.8914491447421,610.7445416668128,785.2650084672227,906.3715176162725
Mauritania,44.98148570211384,53.818519502228774,62.500845843081144,44.20803796557489,58.92456770779633,77.12982936664834,107.88102304986049,77.23258931824833,122.37210103132867,125.87548822747566,106.55582726751565,124.66206990770578,0,144.57790874992182,145.04773923302707,0,0,172.4662932308818,170.15564621385926,166.18518086257507,158.41778482297312,174.98811772413313,182.64164691560546,195.05061376605533,198.22759451017976,244.74546628290747,261.6681995182582,240.6648644057342,277.1614963252498,276.7308119224818
Mauritius,20.247916596177127,18.925817907432144,15.702951455197352,14.452351038858659,15.170665197064475,15.710210253763625,15.865429433728815,16.231066988576494,16.658248922427582,15.754324744852983,16.031616778255913,15.718922895068717,15.343238416022645,17.016913404601308,18.329208630429207,16.65749605092815,17.16748357757725,16.464927079414966,22.62159278423341,18.602625166337667,18.196218265457446,23.52532873329774,22.693170833553868,21.986086457647797,21.33722688783477,19.790416103006503,21.51683127820016,18.73717369198252,19.93671586307614,22.732282774044137
Mozambique,61.60569742545303,55.912943519464555,62.057399588696356,73.75639345003891,88.48701892368436,91.66404759032073,104.49062520180875,108.18400098829117,106.9803162464583,117.13044364488536,90.11991598978115,80.88319347027041,89.04361344436546,89.1985849672485,98.02176183083544,126.59643706927382,116.80912519795949,130.042751863579,150.20988760092942,167.86406681189538,159.45716555631438,175.8607820400041,180.2598417801317,249.44377711440205,268.1413569960664,394.5502211214127,374.29223810768207,446.35820912845355,404.3991853360489,435.3590429644499
Namibia,76.740207840098,81.50454369681822,100.25263725261892,106.40975717924951,144.09673027586467,129.74112279470884,152.925588196393,151.0639440506728,148.86905546563807,157.48098890600082,174.3347791318681,183.75514303562363,205.16634270034015,257.31510799624834,271.2691761888467,295.87390539522846,312.6166477886068,307.7385511076921,324.2475555438588,476.8115711549113,522.7417886215404,463.926646602889,421.7620781801295,403.8073546354421,385.5016373196638,382.76314529275743,360.2538554399265,343.59711888524805,339.40513187653556,344.3757379798072
Niger,27.966156307456817,25.69523220879825,28.328747537401597,34.87655321243091,39.81741763177208,38.1614720406953,46.69862609515981,36.00192124434642,36.33856041681422,42.32621495241245,40.67526442971449,NA,NA,50.682704685096674,52.508107636362915,68.95490634716278,80.09204633980715,152.9692951506867,103.09986136813619,142.96836997265638,NA,193.7075961568218,224.69516524825758,236.92713340850847,276.25870725537226,253.70330685640374,200.03412943051498,258.5712522090815,331.9173103256951,404.12439218621967
Nigeria,685.7471931759709,581.6374609505341,625.6517962687416,798.6591345170835,1351.5748614253082,1043.7266085946353,1486.5102704338808,2243.883907768075,1381.2494843775107,1345.6265824122906,1188.1163259728726,1238.4015411205626,1438.261241174932,2020.127701754572,2099.4238246644095,2464.914144036966,2744.108049659637,2417.359391477442,2323.689341970548,2112.8358864099546,2061.003869550484,1990.2259041862596,1903.4971320256545,2245.6659647491665,2060.0767100680537,2651.9959165316427,4147.4208198681645,2574.949986384518,3101.259562897293,1989.3286738165616
Rwanda,82.47035479367486,117.24499805182295,107.91056943185609,118.60726297586592,120.63760972196663,102.77873740590377,104.8637688512815,99.14312283441778,92.26933412114931,80.50798780565113,77.88487119034738,85.78008923116347,79.42287019330249,83.73829608578276,85.72188519839467,87.28394789891067,88.18708496624929,86.62398437932349,88.98324789318814,101.07174715516335,118.70533326447378,125.99493347081153,131.63925382193685,140.84874482880133,148.22026917476308,171.20124402389737,201.09421664414586,188.91217937069334,179.43300947733135,190.55930456518988
Senegal,117.64374114118289,115.68089661615896,115.12247567657194,122.00187190405309,131.65333996409564,120.39277756488853,132.97780093022587,133.36032202824185,144.92191990355226,145.52691964097178,165.23803101449266,191.55806459041588,215.2784248689312,210.76391306406313,225.20503477597296,212.61313710313152,230.3826781068035,209.9742503949995,242.87581988192954,249.0150442400317,266.40188549420446,375.868611862493,368.0603157099633,437.22742686283493,419.7219399768411,389.38740669726764,513.4821537618144,458.5927100067866,448.993705877196,507.19517271721276
Seychelles,14.713704145850034,14.122741520762768,15.346375610286117,14.486214420672878,14.548279434016367,13.6323159255259,14.132482978196462,13.955432945290156,13.927311693847006,17.771860581637554,16.28514792256716,15.999511518160556,19.482833391245713,14.71564657721233,12.499380099155298,9.3955234047659,11.440940049631836,13.46667457345638,15.753720319406497,36.88026088031646,21.68234979437521,26.5402422317787,26.819318349445748,25.49527206838436,25.469591114629957,27.538297797277178,46.644415639517234,24.567178980029713,33.226261127596445,27.151795743329405
Sierra Leone,27.28184719243898,20.069930148074512,9.53290688150309,11.831872618955794,17.21473224304426,27.62560316197207,32.80837051306746,31.417099699333445,35.45355877745163,29.136308076632805,28.115493589357662,31.022125793828202,27.733572172985728,20.816034150395762,24.562125409217263,25.555927937407283,26.59486222536903,29.1109085733218,29.29478509632164,45.035052009686105,38.0966192888425,46.74149216085298,42.43732508138496,29.663755546495945,24.213796320661146,30.838613407257768,38.72623837326423,39.480853792865254,37.826350383725625,27.48713923949955
Somalia,NA,NA,NA,NA,NA,NA,NA,NA,NA,NA,NA,NA,NA,NA,NA,NA,NA,NA,NA,NA,NA,NA,NA,NA,NA,NA,NA,NA,NA,NA
South Africa,2910.5119160064405,2529.738866457196,2325.537745034708,2060.575358858573,1974.5940492143686,2317.5680722820525,2591.3293744363446,2839.4240770674696,2810.555549725322,2909.494800165935,3230.112313684466,3274.6163361161357,3226.685173282057,3203.496092975794,3350.862021625444,3242.3896974717977,3359.5503249684148,3511.101264822765,3580.4407301922365,3584.2530275071995,3612.845049218274,3519.7864282490527,3469.297400295611,3324.2975616637523,3302.5942673669506,3430.003987695755,3089.2387786362583,3059.3072699596664,2876.466038913462,2694.124131195047
South Sudan,NA,NA,NA,NA,NA,NA,NA,NA,NA,NA,NA,2599.2094316721877,2382.8854511109366,3294.9149289094007,2350.8573314682753,2484.7490801870877,3546.9396393451593,2258.1846995312417,2245.2233008039498,2926.826763414008,2350.507856972926,685.8808410423114,295.64959063766565,415.261563852928,255.34717965607828,136.1139131026932,203.70408010346088,532.8468486775967,1076.1661292799017,919.0581781061883
Sudan,1396.2221611592784,989.5637895980228,778.5704250221376,2117.646140858749,3756.724712640756,4880.686500582729,3183.560378697279,3310.327690095757,2531.216827766462,7109.274052697903,5810.781060526576,6834.5751458175355,8144.357249096591,9825.162480160803,9580.981456388467,NA,NA,NA,NA,NA,4549.411851199501,4767.567254885394,6188.826862065462,3152.957760151561,2851.7841043641292,1655.8712295650932,976.8781218575708,NA,NA,NA
Eswatini,32.587014460724426,33.41457799475924,32.390419930677105,36.04142675689787,37.72241988242429,36.14561698491795,34.01279797747938,34.66752123475501,40.37325657076709,44.56716842647198,58.32956847522829,58.03853053454134,59.0781378806624,66.24079262676553,72.01296160350037,80.01967852500704,78.16487369501161,68.96122055393623,72.88702088707149,73.30243230699396,74.2118320080961,86.95918401583077,80.16614154696177,83.65360955375927,80.285883806726,78.18099722689573,72.91978190606024,77.43232972791661,70.513370260132,75.51262332361766
Tanzania,154.98404567341595,152.74160315212666,163.0043100863981,177.64890681976354,176.5563389746996,188.27942264466958,218.81705183279695,213.98088215725568,194.26764324238707,198.17046656225816,213.8095971137815,233.62785361093964,244.77795408019182,248.92760886869416,277.15480502263654,358.83200187055354,386.31142238697714,392.3289360254527,453.20349213402665,504.9198320601197,586.8518611641944,642.2136598028828,645.0513489447399,678.6534044063036,685.9854002040997,728.4846237422515,786.3813240544254,874.9321918442015,946.2498757414096,966.2096383014398
Togo,54.13665322964416,NA,NA,NA,NA,NA,NA,NA,47.654644726618486,47.46890774490968,46.509599761730556,NA,NA,60.377390106619174,59.36252073669131,63.27288662627092,60.44674646261379,67.98236251904878,74.34855277861503,85.19545661425194,83.68035268273455,97.11363262074329,104.65875887898423,115.86706313564235,198.29558229182337,184.0377530909011,206.43657671853845,364.09030051122164,276.3490766788107,189.89893179018398
Uganda,164.0823443684567,176.18322951342185,173.88668704544264,220.52395478258407,252.427616577848,244.1744988544738,246.59042239979553,264.42350530959686,284.8399699523649,325.6622901937935,326.49577143929235,315.62566806164835,322.84949663727883,355.765785468113,349.68363840058237,747.916894245033,741.4532690165404,378.5782052977542,317.90157081247554,336.38314271624586,373.3003645735532,387.572701226811,423.5499969713131,501.9102900417898,769.0922801556293,1135.4293300337808,1155.1042896806177,966.1011944811402,976.6609862433407,1089.7360968131607
Zambia,132.32360395016488,88.50883045465656,88.72387825223848,NA,132.18097090300338,NA,NA,NA,NA,173.10624284905893,193.82923493782468,211.7698945075766,239.88246789654502,238.98605765536448,225.6281474928234,250.67625802037864,263.29008330406475,293.08294858512113,316.2641110932511,389.12707204748097,416.28118222007316,339.28583848436296,330.296896668084,379.2751348767364,331.4102851664603,294.3955666606565,270.2665572637187,309.2150349012295,377.172056162625,402.8972428325985
Zimbabwe,327.86552129261133,343.11310813753306,369.9206172239309,NA,502.1713786991157,631.9361768116329,833.0574358233565,3000.7411126756874,944.3085341615837,581.2940314539879,435.5470756219567,403.067829558,NA,NA,NA,319.45451158805673,623.2924426023867,963.8388928291378,1062.8734592317069,1099.17578904524,1152.5685345228824,1113.0505901682589,1048.905084207633,1170.6648681077852,1071.774927767226,1415.3182918440696,2590.767394807538,2302.4622015986747,870.4335378868728,1319.9067815833369
Belize,13.33240175585612,12.44595977583533,14.512089076598356,NA,NA,10.169194476474248,10.277694955596184,10.355963699424093,11.055005131446858,11.525265048039776,13.158672251283178,16.24568401340755,17.785622423468695,22.741247585067903,21.213580623699027,18.670782943398702,18.471037111711368,18.000736943157285,20.92168671623396,23.15938896753439,23.1269587788743,25.29937506568394,26.55947103980725,26.815626144454352,28.00834648306898,29.807316880754126,29.62533278117391,29.02563420681469,30.566587499999997,29.171552645410983
Costa Rica,0,0,0,0,0,0,0,0,0,0,0,0,0,0,0,0,0,0,0,0,0,0,0,0,0,0,0,0,0,0
Cuba,NA,NA,NA,NA,NA,NA,NA,NA,NA,NA,NA,NA,NA,NA,NA,NA,NA,NA,NA,NA,NA,NA,NA,NA,NA,NA,NA,NA,NA,NA
Dominican Republic,149.1785015974287,181.6691538634716,244.6220049413122,263.6273423112263,286.11013560505484,383.50288722431696,450.81027007489405,417.699225994931,311.3937556325373,275.4658218425745,341.16497644502863,329.2038015612749,329.3110699917296,378.1361230376901,371.4205047369248,399.08290003713097,379.7097489428005,428.23635022537565,420.1427518652314,485.03469734361596,520.7626232045546,549.1622631492951,609.1024809237465,682.6078327070572,717.5436844140195,730.8852415005172,708.6617609658106,793.2736772744488,946.42577318119,1004.3435336504176
El Salvador,241.8775357777829,218.72154941392213,211.93105825507413,204.12352773234022,210.24796767731826,197.7431880683649,260.15431329938855,274.11984685462244,210.16079259680652,203.4283304006422,201.7517500589409,207.34715042950143,231.05939818242732,226.21049082159138,245.7138932805359,257.04489436151454,268.46831638418416,268.20820973823163,281.85665608701504,274.45186086272247,292.7857931890216,290.91035010166036,303.46465789083675,338.9783100726329,364.6956635980204,396.86828837924566,392.1338811282557,477.0425899972829,454.76666666666665,420.79934779113995
Guatemala,570.3915949909157,477.40883634125544,409.4993730348609,428.5323143132399,416.40921221335844,526.7906060000973,619.5999292874753,459.01510050692093,498.1367804681899,297.8018679145694,238.41202139032188,278.4391415093915,273.92074811092215,296.8589603695662,278.56709251807234,305.02216908884617,322.62771351156977,355.4662406310822,380.34600287369443,356.0229217657651,353.73919773087187,387.5336186254424,339.1762816269978,332.21666308402826,398.465274919515,399.95949189150565,378.7286653498208,463.9085864552294,437.64500382420647,397.4054870857019
Haiti,6.124542788014522,0,0,0,0,0,0,0,0,0,0,0,0,0,0,0,0,NA,6.60674932565813,7.879396311166177,8.849689572782596,11.457282338919539,10.725193715894303,14.582088546748915,19.93481684402165,22.699578098485784,33.99824863465884,14.45833089582228,11.786377442106627,14.671760655995836
Honduras,NA,NA,NA,NA,NA,124.07688896439771,141.55705630754983,141.0424839926707,178.67639371767717,127.8132626031878,125.57296674822447,144.13528193812024,171.03054067053304,212.0446649810963,237.8822480782452,246.6000405515946,272.2462504604699,279.2502512992984,337.2753595807962,302.5573427152181,369.0919530261991,438.5060960769543,479.8924726303447,456.21526212105215,490.89981320125924,415.08531710948057,477.8235473890833,487.77485534227293,522.9608573826795,560.0914770841189
Jamaica,86.75918149781022,85.83141632480518,97.99197815244523,80.87656655820736,77.244510866881,75.89375936627187,80.79553767415874,97.448327016048,101.74865840022959,94.4355507813836,90.8577642570079,108.21484440182071,119.80228217038902,161.90064770598372,156.76858884402884,139.02543139553302,147.23118207942562,146.60340123979444,141.30974541468927,136.4254793649066,141.5480877755872,160.6112030098184,168.81310627544232,238.3640223458494,301.29448668165395,270.81774137264443,247.08332893118356,233.7253945955797,230.3602183609181,251.70993148656083
Mexico,3762.7113296536477,3994.166299491054,4002.108321482602,4127.422655980831,4342.576225870112,4482.354509216333,4435.522571319245,4287.528535202026,4276.379351341102,4119.88011485309,4186.262332652462,3925.8813438529655,5267.976266778852,5238.442633230595,6290.696376833541,5991.241008171368,6540.122669056158,6923.8779419441325,7324.185488997667,7651.416958043897,7186.098306767734,8035.569742413548,7280.672394117904,8142.720387844301,8950.132877880686,11694.48044903994,11265.111577772326,12008.70642835302,11825.909998032439,16451.90678308159
Nicaragua,55.17076319965205,49.599858367868876,48.841329794727095,41.99644497075618,43.19523939482484,49.604156701219885,45.12674305788335,57.271106818469164,58.4301724760731,52.52407886127235,52.624044336833244,55.31857309541509,55.3343368075498,52.406184907183075,51.90042903231427,54.835489513499844,61.91213700933053,82.66637317525179,86.09616917477189,93.1017326889233,114.2573790597195,99.58821764058682,102.29204840082282,96.79777060413576,90.06302731664628,93.85608388323332,88.75654546513728,89.54488965360629,98.59293650294244,100.89918627494261
Panama,168.85858999957918,174.70566715463352,201.04563860512403,176.20762237393234,186.75515549277793,0,0,0,0,0,0,0,0,0,0,0,0,0,0,0,0,0,0,0,0,0,0,0,0,0
Trinidad and Tobago,NA,NA,NA,NA,NA,NA,38.70253501962216,52.069389115838305,87.45703850307976,189.7898531256923,228.7640768447574,250.14770225506433,250.90713290228211,248.19901666568342,232.35396995771944,218.80562484222472,213.69150813083058,226.66333780651928,270.15582720346134,227.45295399048868,231.386196245396,250.87960747785885,233.6582731074644,190.17042002326215,195.70506118783888,191.80407855239227,229.0843218521699,227.35493670714717,243.29464927898502,231.65323493284103
Canada,16737.953414163923,15370.589838902099,14164.226261945421,14654.003635774521,15286.61321304594,15036.229607342199,15434.859695907278,15513.166421574093,15798.781430866375,16396.747734312426,17117.880768806037,17913.50965957572,19530.36854290696,21047.39830550691,22008.683207035137,19878.435039303666,20550.218731022178,19541.273675264187,18063.64554704025,18358.293176220428,21092.047727432724,21371.819954275506,25816.382083795277,25697.17533255984,25427.452367967813,26296.45888109096,26131.55783890501,25597.984662063183,27227.653114122786,29065.922006541176
United States of America,591579.8357920337,559401.1583308802,556507.3244786628,543941.2631001453,545279.8161159527,566381.0092363426,570980.95764428,641102.5301548233,729680.5568943507,795293.5171522859,831923.8660366996,843911.6623393028,866430.4709054182,929457.8235908422,1002596.4174101321,1031257.143286537,1019045.9408180772,962443.2343391137,888413.2166514962,833765.0167489545,814831.4026711022,812331.0399264537,803961.2266082414,828158.307883763,875217.3627461466,916416.6382654813,906594.2544182539,896121.2033945028,916014.7,968381.5948509097
Argentina,4746.855045988197,4212.023388567277,4141.5609623112905,4175.103017483216,4302.712802114079,4098.590742227308,4037.463306618525,3440.660460916314,3543.9078420936894,3646.7928894447828,3830.618528450559,3949.791760452075,4272.616604953264,4245.469053928254,4575.50724978847,4527.539742280847,4462.623013078109,4407.555554910119,4938.490763004887,5109.072735409539,5059.663605152611,4922.476798035461,5336.910884399666,4748.767464540277,4320.495514880484,4028.653359700693,3968.2966780161114,4459.458149913749,4882.352998999768,3912.758951094435
Bolivia,332.9584411560599,326.8752716291619,396.3300940706729,489.85350764304525,390.93502147267816,389.7051558807252,446.9547064023589,400.2658420127964,456.0001233049706,434.0979409247508,412.5205673309991,402.3788244640312,422.0559657561273,639.0991269064117,500.7202475655336,874.854480567968,580.4610518675167,685.2399487488568,731.8659381834987,767.2225833978796,683.9392592142635,590.5013994548226,637.1249259107503,651.9130545273622,629.9845600914706,536.2044083062627,559.2107337771475,439.43140654745554,588.816403688688,628.6743858827275
Brazil,15357.300789298431,14281.463588298713,14183.466809061818,15245.852166997423,15618.00848671866,16917.614914487065,19595.292561677976,19856.891334796255,15840.919334973978,16459.42088781262,17808.96276447588,18440.46078436946,19887.14921292457,21155.798511894358,23067.557266410684,25616.387469941128,24812.88117697035,25289.99449305321,25427.620488159337,25936.09574118138,25335.047912644604,24048.911728507657,25616.549434215292,27316.3496347722,26138.502621233234,25021.940974065787,23698.822513864965,22215.248419311,21788.291072488297,21692.955020163023
Chile,2570.250184477262,2591.125474526301,2765.44014406186,2876.868609240275,2976.3835383826718,3129.549995236265,3200.0760206869822,3184.691400064119,3612.568272512447,4095.415641041291,4210.656871472848,4797.3797442920095,4723.406712243458,5013.699535720498,4508.650628506686,5072.8227391544915,5406.726963022706,5074.448272875211,5134.654911334888,5210.429391058227,5197.004156645991,5368.120815930301,5629.543441379505,5617.469654785659,5614.836078926566,6212.43882911111,5642.64660105889,5206.785474511362,5470.078568904184,5521.433592624322
Colombia,3595.2746255014267,5573.0173353974415,3582.9578647688595,4279.901695052141,4554.023163963129,4621.992286197784,5083.352102231295,5337.574431931385,5606.943207395089,5984.679213017105,6092.714425225952,6442.221747894034,6834.202069725893,8078.230873581451,8486.324805521188,8421.652724751128,7839.404624070522,8391.231889784269,9137.210916822149,9011.284946642883,9058.107757432117,8930.846806114085,9530.239295689711,9366.26950890825,10069.408705030773,10393.788496147814,10846.352571311509,10622.124373460249,10779.238341591623,12246.46644504658
Ecuador,8994.225011806182,6377.108082323454,5812.670855690827,4698.880550320807,1664.0994466912198,762.6049761012436,799.6291752346082,934.8880003487391,1267.5731297246539,1185.3148120004414,1558.8619913287373,1502.7538140142321,2026.1006232062873,2348.4962917793778,2644.3652447538448,2743.5811926217457,3077.174788302966,3090.1749926080065,3177.9471248482882,3124.6818031123516,2801.6055115468703,2664.6193047735683,2600.225035313776,2697.812525725921,2475.985227589169,2495.3118444189495,2547.5251022779894,2643.788317732389,2692,2648.400913451365
Guyana,12.12614603926254,10.932099901633928,NA,NA,NA,26.020421617004644,29.72720780513167,33.28321677608725,31.34554892904032,41.47662032139056,32.691936526108684,31.80555593924429,37.31132934324333,42.45205709792846,42.022887922605136,40.47338245443041,40.29431286650353,40.78763560763762,42.173557062982844,46.95357220718489,56.07499432888274,61.964600292907974,69.94434612677884,72.13681481266458,77.1711714652031,87.20793919808395,83.08420621125926,90.25254188623758,109.67487253633665,195.52531524539015
Paraguay,316.3644248500084,294.72551421165923,242.6385840083961,225.74814971272517,202.4682862236085,196.42394608811057,178.59064204131036,172.235694165162,153.977257220851,182.55187693849257,162.09265913206994,185.5784532449033,190.43337464739133,190.36598475801983,211.58039329503555,234.14908098209875,266.7703642177489,305.7596180498863,336.33099750223306,354.9088604301951,389.4992829455063,361.9675784405955,351.16284447777053,382.6589292854623,387.2961338526353,407.0536709318258,391.55864023673763,366.3317695816119,397.5794853625594,413.37544327081633
Peru,2395.5542359299025,2310.2623534468266,1950.6543368276496,1937.6168515899249,1879.0796449107447,1717.1096096326512,1677.5235055798223,1558.9217372199196,1600.7406495181376,1567.5457993012185,1943.534653679084,2031.260631149792,1968.177618081958,1962.6166535890989,2413.7747121257084,2628.9013729731105,2679.7910135039438,3005.7966000476963,3465.2553558704644,3427.40322615091,3827.3953941878704,3000.0293272977137,2961.4900023054265,2917.3469513885707,3011.8442533639004,2978.522451429112,3152.268242889259,3052.586753825434,3308.611848313437,2510.2711632230853
Uruguay,1031.0369642865485,1108.4116486651576,1094.8076583937352,1092.0517463873243,1121.202487061994,1105.5534469434886,1097.0096776723046,1011.1589346765983,879.9974548093167,850.0692578507008,861.0330925584931,900.0656162774255,859.714845922711,970.6092822388762,992.722402421982,1082.9278445230025,1052.9403284166992,1148.2582969916648,1205.3935361052427,1243.8128353199668,1261.5635133262106,1292.519801386832,1365.3719655182515,1484.1613501347126,1432.9373298720361,1469.5197204936371,1616.0717004263588,1459.4189783055888,1511.4497603037178,1714.87484474971
Venezuela,0.5804408794744271,0.4191870254717114,0.6874788014136578,0.5342316909125092,0.46410183633408114,0.5693927446819004,0.5755637549419536,0.422732550320032,0.41158127081733287,0.583485950051783,1.022935583294359,1.2593924721419574,1.2718170842262857,1.2689825896817097,0.7154100440153118,0.6605640913459554,0.7800687032937007,0.9211910294338826,1.0968735466165855,0.6549034314652283,0.49801259530391534,0.26676459038243816,2.040971807288038,2.4499236147236134,18.91999164003598,11.642118967395279,2.201656581110422,5.078303913279296,3.9170573402045368,NA
Australia,14186.982175905921,14013.227248837471,14264.567604625106,14962.875512745803,15694.8711397044,15652.04048735273,16271.698301303199,16971.34988702211,17287.389538320243,18000.13479131638,18628.7580299808,19624.194132903973,20829.87968189217,21589.398270967245,23215.771457915373,23485.821707455296,23160.45480619062,22348.82452933725,22154.707588483558,24045.066406178285,26505.108067740402,29024.273248034762,28972.361302563226,28280.615014443374,29047.3011809257,30467.029839480947,32539.917935008518,32764.33583841973,32387.98979774595,33005.837975733215
Fiji,49.8812743623146,45.726711076915045,42.89333964250916,40.757327380641186,41.750860343052814,60.05642349726109,63.084867801199536,56.657104263218066,56.88175299600449,63.45490495580918,55.720773643389656,69.80401783845342,86.60012291998285,56.4079030812228,64.23824080441591,59.729164877475746,62.75889973799608,59.01140862285426,57.88171207048529,75.96124367483762,47.45628879414943,58.26266099197538,76.87644812348992,80.59595797914551,79.35945694177705,73.96944961760718,68.08468780563271,68.31389153137789,73.34829746573489,74.4174470119577
New Zealand,2044.7895215498152,2061.460394355898,2019.746325622689,2022.4295797559898,2049.8987572057317,2058.6691301924448,2011.8344739570343,1935.5986621038587,1909.280178832346,1788.724757056805,1767.2945963495067,1955.4529223077534,1973.2705429128844,1913.9139657142946,2008.7113482785596,2045.5367236111838,1977.980749397609,1923.6460490328234,1878.510560643235,1874.276999167913,1933.3474360355012,2132.8511478297664,2284.6254418610165,2495.1006547572315,3036.9227724956986,3126.4552923342444,2853.7018749396666,2891.1557130006267,3029.024714665751,2958.919226899459
Papua New Guinea,122.39601700705886,157.76915525920782,167.13731966091385,132.6253121690671,102.6573735916715,90.53058115342729,75.74202436834538,52.53450763535417,47.5249629791986,53.21471496131814,62.78023506925911,62.106475884026224,74.9222577367894,61.66247316919279,77.87416918686515,64.54360237459298,74.64951271293648,108.14647538489726,105.44943216088879,117.50637918308682,110.77914365512278,93.06545292182247,91.7359561589518,89.53016267033148,99.91201657783621,101.6618024185799,90.57380500345134,133.40856252713203,97.04925702319159,94.02165958935481
Afghanistan,NA,NA,NA,NA,NA,NA,NA,NA,NA,201.23648856145516,181.21645893111813,183.20136595227055,282.0145510941086,245.7728160821376,276.5812844230407,295.7624523372949,290.91078034571524,218.00997848697125,200.98816300381708,245.14802375419688,196.04861312126363,194.21449555817472,190.9629364933809,208.56389832298203,249.95251708854883,289.17854406262717,294.324758298531,NA,NA,NA
Bangladesh,1290.8174340194143,1348.0975142300376,1434.8206429627216,1455.2880855013468,1508.5606224649182,1575.0668716733396,1573.8208432045942,1526.8691755189825,1531.6011335757325,1560.62833211562,1582.054407926487,1702.8454662425204,1792.0393505599313,1770.5391781374212,2065.656056233328,2487.403627170963,2636.204421308292,2773.2428730980396,2763.6248773258058,2953.928092009607,3336.97080769844,3667.487589618048,3573.397867501071,3934.3958854581656,4492.2605015468935,4567.9708627810305,4524.912956622128,4008.1093288845827,3782.793038256228,3934.759682548226
India,22010.06932863971,22409.126341320578,24806.1768176526,25881.006424966152,30077.519741641798,31036.356720556512,32117.31354317225,32017.902588636764,32732.78111804049,38022.11693106038,40464.024595783565,40791.88173883693,41284.6514347432,46827.11940672807,55131.6576779318,55353.35688654983,55862.06074813838,55578.57064885393,55615.35869482316,58325.18186124487,58879.31433561155,64884.24701162906,69454.96031054843,71900.84542546497,76976.83503088819,77443.73732546308,76952.8609062609,80348.4948025958,82293.33216258115,83623.14058143288
Nepal,92.82231043601821,92.33779119668104,97.82586186132431,99.27477609537901,107.34226061712789,118.02835207934642,152.6539050697126,203.21604891530905,226.53731997129896,270.5279320582297,299.1286056087108,281.48880709224494,270.95334093288983,285.66520982531466,320.4082104011988,336.13961152729195,347.4926579349413,329.65639231836946,361.29637452539055,408.35062222263457,392.15673821150057,416.6243364160843,479.36708039735936,470.33489320804887,455.40291983945565,467.8016227899248,461.8750819382124,462.9840278156009,436.4629238793196,409.018975194697
Pakistan,4645.721796875443,4644.501963331861,4447.051854469658,4447.014264301404,4490.986948379967,4500.604319881239,4814.60764097778,5177.680737921786,5532.888765238367,5760.283611042838,5995.324434800048,6094.5349080941705,6136.934414753884,5785.87543316861,5962.626847551533,6234.974808419408,6572.602885419365,6970.21147565217,7209.496279493707,7583.1286235044345,8237.279167772946,8519.121755031478,9337.929223885812,10443.60515038313,10316.461775966181,10148.231114630717,10581.19179620065,9877.284211361704,8626.157588370106,8183.350598795334
Sri Lanka,1382.5216863433661,1291.8145190270297,1146.3016037339978,1201.8450712667336,1082.4621785683892,1448.0438525512204,1208.8832275871766,1000.1720671116698,899.4615674444117,1002.1900837760039,927.3803965621133,1070.8274617920165,1311.4611925590082,1501.4188164239101,1550.7650973785333,1445.335960767528,1515.7405782677215,1368.3212305832571,1405.1479430945972,1647.6397529825103,1775.8014492284813,1549.5571454951428,1613.5123435919543,1479.1511710467828,1495.7105261921452,1392.874195988225,1430.4864343534312,1023.2044223984138,1165.8246402134698,1075.7957831196402
China,26111.84906281611,27663.255268394474,29511.611678681384,32223.02962242178,39282.539409266115,42518.976238900184,50416.05809112214,57905.096231555435,62667.32136731405,69026.33013385681,75799.8451916393,87250.55805289326,95911.12008271343,104937.2888820678,127335.0381432844,133606.67059385218,143428.90712299096,158165.56305353675,171025.4522165006,184676.83865118984,199174.68478896198,210640.25097791446,223594.95370558175,236692.30179092195,248223.31996609148,259923.32821429588,266692.2922625771,278474.4401082404,296821.37759150215,317561.0423249247
Japan,36905.30219117277,37576.666397778186,37895.04264953642,37938.147397886794,37740.57015732632,37938.47624311804,38602.62518000931,38794.89528202103,38844.00738022708,38688.81115141692,38618.85179057465,38126.734841085534,37631.15921266751,37268.99577524644,37967.1514635165,38103.113416490545,38618.13981217757,38149.958970164524,37992.19599668117,38398.94138432362,39073.5578748113,38841.38469187751,38584.438541933254,40526.7290966618,41679.456787428266,41322.15750746325,44420.91148019986,41782.51952847869,48189.108621390515,58399.27957175824
"Korea, North",NA,NA,NA,NA,NA,NA,NA,NA,NA,NA,NA,NA,NA,NA,NA,NA,NA,NA,NA,NA,NA,NA,NA,NA,NA,NA,NA,NA,NA,NA
"Korea, South",20392.352288366776,20679.083621509646,21187.952663312575,20448.12148636231,19899.592982395054,21123.95741908545,21728.118315126012,22326.945888406775,23086.012492240312,24100.202945462628,26065.077183562862,27004.340815162253,28227.469209376603,30073.982684682436,31964.76286580417,32230.35664861932,32671.96014773216,33503.85192068682,34518.815421936444,35876.70532940609,37270.41302121134,38204.25983177557,38907.03356767262,40880.226743670246,44173.46974311525,46497.71002843362,48523.07217187054,47504.829737448206,47801.863038878735,48473.49894472141
Mongolia,48.28625811540536,40.802135146064195,37.23451164792864,38.6208158194521,39.47582300043084,50.18361885290255,45.87840956301798,50.27377836365949,47.528024821563186,51.76614103929746,50.146974642086604,61.424396378495146,80.22744767741027,73.70211521480073,47.62011095410181,59.53335355123245,81.36557513690857,99.52553355486545,92.07309292577263,99.40723666285226,98.6169025861717,100.97595146498456,99.9673953975632,95.54394287481566,102.26213093725168,105.84851064905179,101.5318872676821,89.79938601220796,111.46704198602069,166.09669770370803
Taiwan,13480.486483103683,13907.156001681524,13848.726306690813,12953.994381768467,11820.333027668807,11367.203665229434,11161.246632690985,10794.014345571679,10690.948471604765,10709.62603884511,10304.118153327434,9885.212443741519,10460.259963008895,10650.901613973105,11471.295464408162,10841.880206706526,10945.257920195369,11330.782176276114,10700.808287918375,10638.745614950705,11212.55282067841,11019.816977354754,11166.232954022009,10925.289455451502,11652.205698415102,12165.810030066947,13146.227819680365,14901.37723745132,16344.564791689403,16634.732847177882
Brunei,354.20865255376765,397.0099690167233,461.9879670558903,416.61637635644314,372.4381444200341,352.4904440671788,324.60082551045184,345.0738368121564,360.18194012617533,283.9645758308682,344.3508041569025,387.42541684485207,400.788676817283,413.5633057138357,405.9327811521914,423.570842105331,414.84930140400485,407.5656389150096,407.3285377069395,529.3950587256473,463.78997088493486,444.64760965131455,387.6843205442845,385.88998985341857,454.180288237472,474.1331040519959,471.5898158130449,448.6252876772967,448.9114907294427,554.1602266337064
Cambodia,244.5754443540202,225.45410036648894,213.5259151294827,190.4435379507583,197.0390466080934,184.09284032640474,165.12549791449217,151.43857721274568,157.8505865281911,156.78535940655883,153.61653159147002,155.65914254021607,147.3923816945819,124.14514751582276,212.15869374148218,253.46817746975233,266.7828581721628,291.2526644976945,316.5437430495273,348.87192387424597,406.21895540591635,462.5246425077835,537.9210355516861,621.4858923718995,670.114418739516,683.3717253802153,671.6217400593906,628.5333009749962,667.9857331584851,709.257887208777
Indonesia,3189.729009596992,3569.0036607834645,4690.770652065129,3067.139967409714,2330.5742363383524,2397.9015212260506,2131.8745137239735,2576.913644641045,3465.054701049643,3873.9439612599267,3364.678921140896,3416.6063517526495,4108.548389542496,3817.2263667320376,4004.902906984234,4703.488795342862,5392.171069069706,6191.183743452196,8323.756214710198,7333.745036056745,8528.333361823798,7958.8923478069155,9175.218124703422,8066.7871458665395,8465.893128732952,9855.968763444824,8925.766357030152,10235.708445115715,11258.797569510034,11214.16867084496
Laos,173.61359256684318,132.9912181039012,121.98360110405187,83.14724557745805,36.658033608605805,29.024917384164162,28.016623440794415,25.864081012718596,22.667845496797675,21.455265389493555,20.974848699959516,21.037283830601844,21.022245505094535,19.497906361530674,16.288081317687933,16.379230452527096,18.32729396731266,18.745275194961128,19.29783856014857,NA,NA,NA,NA,NA,NA,NA,NA,NA,NA,NA
Malaysia,2540.827115041823,2443.143597896759,2296.1707872644715,1687.5918408795487,2283.153213726713,2072.7142770562646,2578.7280455960486,2930.22527767586,3732.37328419869,3605.4598889275235,3856.7104916597973,3774.0217797253554,4214.009860776575,4309.286656182281,4067.999746494741,3556.440290002348,3986.765971406001,3802.181251654223,4142.929131283706,4175.132681724596,4495.450889690404,4303.883234000003,3616.5641305926974,3299.960012089695,3187.4290341761025,3382.785010753807,3543.1675428814274,3638.6586165695717,3925.419274890087,4216.5968620746435
Myanmar,668.0331590072851,713.3417649515263,593.1832119378275,488.8739737846743,484.1926748755162,652.9613248630932,585.2231877060798,426.18599030267666,634.1366437171513,708.072005882037,716.1716184118692,NA,NA,NA,NA,NA,NA,2969.2360763158836,3264.971488686671,3288.2627521385375,3816.696153020222,3650.545650663572,3464.454522822447,2356.6759419764567,2279.5594080520304,3220.027516973128,3785.8760925924757,3661.849922703158,3140.2245375400666,5224.112609331117
Philippines,2608.5858134798473,2734.8173640106943,2442.3584149582316,2411.9208593735398,2381.2810109476836,2515.9443169288775,2373.0581412492893,2498.3004738646473,2784.006848799965,2623.223413576522,2672.9130951352327,2763.8028863175273,3027.3331487648397,3027.7870260957948,2911.7382386761105,3058.6503751879286,3107.3655016886687,3155.209935307555,3601.7854970431795,3341.407924760532,3656.634593277976,3764.7087914350427,4473.502885086033,4751.673441683327,4737.3536407934125,4879.391171171601,5505.44244230706,5524.296224584745,5142.604807858252,6097.426796468395
Singapore,6179.050363383834,6768.8212537818645,7596.26738572857,8602.348864425838,8763.155025021977,8475.439757411965,8678.09541469165,9149.19832440881,9239.373621004448,9414.044330902008,10000.459925263061,10090.57256490809,10479.688402599519,10551.350889190151,10903.392052332543,10693.678184726967,10312.794887678156,10072.2493492596,10039.546223890193,10332.929509622727,11020.859122025839,11717.61996369171,12029.574517061872,12135.23752192747,11995.464394889406,11447.63227318206,12249.48682112001,12900.73311604653,14181.464336746845,14601.64609672715
Thailand,5349.875149933473,5262.057828646363,5111.452687229039,4034.1800967720537,3584.805903067393,3422.8146664997303,3411.900062218486,3397.520112971955,3391.7486079544415,3325.367467369302,3044.075042117646,3092.167888284213,3505.151538417344,4368.536719113882,5390.692859749969,5775.015485851083,5315.59107720036,5516.492845132913,5482.216524736019,5714.892308002604,5918.809851213326,6232.582068459843,6567.04805303559,6716.521463976845,6883.754176658234,7133.306028046372,7020.6757616540335,6149.164354565558,5745.692331574045,5570.350420359253
Timor Leste,NA,NA,NA,NA,NA,NA,NA,NA,NA,NA,19.552468659986115,39.09832600254968,49.186424878418464,44.938975430440124,68.8559857111605,46.65143644853401,31.976857878971575,46.51512963927229,39.77013804338499,36.872586294847736,45.70702483527623,32.90611111111107,31.7672392324094,25.156778389194578,41.590222148814924,46.2647579916181,45.50361201363013,48.04214174627844,55.111000000000004,44.938753800598576
Viet Nam,NA,NA,NA,NA,NA,NA,NA,NA,1957.839630632175,2004.8422714790165,2091.6714276087473,2462.224644568094,3172.2102222603507,3124.7556780345935,3443.397992240549,3826.9200371834495,3572.191214205535,4159.8481091110325,4349.91012816021,4820.679902916218,5269.486844546961,5702.81999275259,5685.878515869462,6124.378272041168,NA,NA,NA,NA,NA,NA
Kazakhstan,334.9605149511364,361.5940946973226,338.03681902569286,335.6285264177971,280.5570493101284,294.00167106157426,432.2723846124618,473.7816867030128,560.8321912823704,640.8330227915949,807.7435513638551,944.3914342630222,1419.9020167899916,1348.2485719758845,1271.5301820630227,1396.590544646142,1539.1189018544017,1796.1014500205822,2026.3787010533702,2019.6219609467857,2078.248280184799,1756.3859164445223,1686.444990596407,1813.991630462809,2366.517646305267,2002.1492187148926,1988.6772226392766,1349.6111346618693,1164.302584933854,1145.0258769711013
Kyrgyz Republic,88.84274390021484,84.31433393995779,93.29349209669049,80.639538039692,84.47416828267359,102.30473995333958,88.10691841095057,102.3196990051674,116.22084839194109,124.81899926273651,138.224520001289,152.07440004647023,165.9766148077704,167.77671828524953,183.78803926223685,225.7520557240865,221.9716468261627,221.2654188869194,236.68360168316872,262.1799707257113,270.4110681971054,288.7533682075291,289.3914711221589,298.37721852321204,303.3169336594378,319.83647378492316,319.7303327610766,374.19740064537774,483.8686884227681,447.0009006342342
Tajikistan,13.373287062819747,14.387719213719915,20.620146779909174,23.60953472606671,19.74891281144065,17.067145723522327,16.94416026143307,36.09003427419493,46.722917504545094,54.83616411381449,NA,NA,NA,45.814594273560814,47.093041879425854,52.883454093980504,65.72427325683306,68.24355451976999,NA,87.23870087247913,99.44253657869797,100.1549135461292,92.89453041131465,97.86529645504483,96.10243265508495,89.73412053044929,105.84179722581696,215.6179270649526,285.06344990408735,234.44863772222084
Turkmenistan,139.01559485747487,133.80387990677727,202.54406571804952,171.73414133878262,185.75769168504652,NA,NA,NA,NA,NA,NA,NA,NA,NA,NA,NA,NA,NA,NA,NA,NA,NA,NA,NA,NA,NA,NA,NA,NA,NA
Uzbekistan,25.973711156631204,34.696035188417675,40.31999235998439,NA,61.61209844428901,53.01543440685502,45.682371982212885,38.87493440734417,41.137826798998695,NA,NA,NA,NA,NA,NA,NA,NA,NA,NA,NA,NA,NA,NA,1749.9779323380778,NA,NA,NA,NA,NA,NA
Albania,157.8554140727311,141.75639523741708,98.975127192733,93.58296449087005,108.3794382074935,119.8730849480681,136.2165029124511,136.02598770698634,152.81089491894875,167.0161037198981,173.01706086090311,212.51125181128475,263.00034179970385,309.8948048097699,245.1892669895844,263.3980060525865,261.9937173209973,256.04071037567655,241.06105760176268,234.28645248062784,204.01889869503773,196.36225447192143,203.78136456209157,220.58752103688323,248.15046850803577,240.5638704753821,254.78962415338404,267.45852903810555,397.61761306954554,481.5032368657384
Bosnia and Herzegovina,NA,NA,NA,NA,NA,NA,NA,437.03341265893664,304.18672090203705,272.7430686294793,227.69659637155215,218.91553871339386,216.163899042804,224.87494841529468,247.38916893963318,230.4557237928815,203.42324478830562,200.86856055568995,194.83130897981692,189.54033973258464,195.1936820562111,193.6290564468801,186.48217958162505,193.35609252793878,194.8246009641839,195.80659334663554,231.78254441761686,201.0589220471302,197.3325157983119,211.09473244662863
Bulgaria,1075.9050687791598,882.7276420846136,824.207032644966,953.0695364231213,1080.7272061825342,1114.067575634145,1233.8149393403858,1244.941887818516,1266.467158144808,1183.4437292412617,1210.7697585785186,1198.6124775932524,1401.947028911863,1369.5518950196945,1092.546866614837,1030.508297887732,856.9449421855389,858.1195289664232,925.6200390617189,865.1399121020155,877.0484847077171,939.5643157778165,974.1440779554908,1202.653966220304,2761.2585249328326,1382.765437402214,1470.3916524605668,1615.3568000307446,1989.7034778381724,2265.106014976479
Croatia,3458.4013956319895,3241.3047984544555,3269.9866140280137,2521.098658398946,1966.0952680390826,1393.2069445003567,1290.7109166950413,1396.3229652678194,1130.0311612286832,1026.6799367988463,1071.2441900558551,1082.7754757199798,1114.290969327721,1279.3939335465454,1165.746900483991,1080.220617135084,1118.1363890440628,1022.0079976277875,976.6735940275369,1095.9733843277202,1091.0010751765742,1037.650474592633,1102.4406532937708,1076.9183884018073,1168.3516707342096,1140.6967319527948,1486.07368796298,1421.5628117940616,1439.0603324964025,1565.0061674308733
Czechia,3608.4822795248137,3579.9726692531985,3385.1425266114434,3674.3819814551066,3984.139378857807,4113.780260550626,3957.5966856955733,4224.469491012821,4587.708268667701,4404.667870118601,4815.767089799052,4448.706681700063,4293.297331403146,3660.374260864004,3768.64549558099,3418.819196012399,3078.829460833904,2959.6449432885406,2822.312131788228,2808.423343241594,2919.3135047997057,3164.392240282522,3160.4014415321258,3726.7741578287196,4106.055220480273,4503.017004349689,4902.800268757123,4668.038958244011,5056.277310052805,6676.022941084383
Czechoslovakia,NA,NA,NA,NA,NA,NA,NA,NA,NA,NA,NA,NA,NA,NA,NA,NA,NA,NA,NA,NA,NA,NA,NA,NA,NA,NA,NA,NA,NA,NA
Estonia,113.6083223169658,110.52854753914006,147.51351549906872,156.17094657130824,194.1877538920784,229.02246666882655,267.2421363807886,319.08519724702734,368.8196006530672,389.03272082531146,372.6122794691094,408.3919261165597,553.0980587582399,541.4533994047839,469.11681957556146,449.163519863074,477.9257877766855,558.3753223653628,576.8242281547235,617.4260573637898,671.9196725398956,722.2845709986219,743.4271427082211,781.749357841431,834.7626217676548,928.3808108531111,891.3267519063415,917.5184756344576,1235.9497149969102,1392.6579125761443
German Democratic Republic,NA,NA,NA,NA,NA,NA,NA,NA,NA,NA,NA,NA,NA,NA,NA,NA,NA,NA,NA,NA,NA,NA,NA,NA,NA,NA,NA,NA,NA,NA
Hungary,1343.7881148620104,1263.7655863439556,1554.392012892168,1388.8981329031499,1587.3719121922627,1751.7730542775314,1924.1087042195204,2101.174768964859,2267.874041973355,2099.924687093666,2078.7442870641025,1862.7078933536945,1897.1917541932612,1763.2044398960038,1571.6034278643706,1409.8620787973116,1429.3392311558596,1360.565928339709,1286.5733071792201,1267.265215770703,1425.4749832530356,1628.4035239998766,2055.7577513104025,1861.2112272854827,2626.590311224733,3403.6065026975543,2776.0155158749367,4020.7091722952914,4355.478069889931,4718.443186693607
Kosovo,NA,NA,NA,NA,NA,NA,NA,NA,NA,NA,NA,NA,NA,0.9887763345310806,31.371057106280944,45.05526632146034,52.83634674924617,47.489396004933504,50.57700789741915,55.56185404227691,62.34829795129218,64.78760690377985,69.37552558131013,72.19121261083384,76.88779744020191,90.57969900646762,85.16345691983477,115.99268268617527,133.18546592279202,161.98947369087975
Latvia,129.42777722493204,100.62477990324675,97.45025691551974,104.98841545558636,136.4609235208204,170.46977307633924,213.9747427473225,349.84157777074864,403.6106864473779,435.6776251112615,506.98543207989593,637.3327418154906,694.7638494707904,680.7114957557172,432.31499025591876,327.33232081117103,338.74658993526333,311.3943662827867,334.338863886582,346.74423709861003,395.8338704273578,570.5090939285853,647.8250456485334,883.0675510287554,883.2153691305876,928.3436796623946,961.0330972619172,958.1145323026443,1253.7964399462408,1404.7713519101135
Lithuania,121.69454292333772,135.5051892262864,222.66867348439914,387.288848267089,296.21217908238094,386.8851309362763,453.6376592369585,452.2286842010276,442.3367652839025,510.2906221530256,556.2814991527163,615.6987483212525,671.2269820492755,692.2319419538239,522.2411488047173,435.941617203582,420.8652901092029,421.52452969774896,436.1508714352865,524.4435164973859,698.7140490454997,936.4043437503083,1137.2128898855997,1369.2556748688598,1460.6089791677566,1521.5862239014134,1559.3485581962402,1943.968047456773,2162.912001244593,2602.0612717950917
North Macedonia,NA,181.83640480540276,143.08098967614416,147.0580859983357,130.5077659421886,149.47528401231497,475.38748558875403,206.43989217863452,188.2620974100378,200.86232578613675,187.1415567088293,178.13556955052377,206.0026766375089,189.03958043890663,184.40711818800338,156.86771934240693,146.34659000078693,138.25741234445837,138.05599491078934,136.02821757958955,131.37436936104913,136.84532060098638,129.45359555754683,143.74870782646784,183.76648241709515,187.7842026585182,232.31896096647964,247.44970317231508,266.629712724026,341.79486684540603
Montenegro,NA,NA,NA,NA,NA,NA,NA,NA,NA,NA,94.0678950185106,92.8902510088035,84.00518923686583,95.68531386385632,87.86330467227874,89.6636455022687,87.28474465982048,77.35232953109947,70.1279846637036,73.63540523604011,73.06647424387425,79.70078096677614,81.72870138825569,86.80664590235243,89.48893576288442,98.79430041462145,102.19739432990357,109.5964884354626,114.26052609971435,143.876509509229
Poland,5876.272296125819,6183.812063883391,6776.39322813789,7037.524199951375,6928.945119734206,6734.8129733964925,6945.467855273887,7064.785593941639,7351.08134521644,7699.905143170977,8224.796997556676,8743.373866434129,9876.750133875066,8983.57973486694,9475.829441955764,9928.159115413333,10066.990016773987,10154.973153703146,10072.74965607591,11206.449632331964,13336.312797838746,12597.614108137032,12882.245873949174,14591.354029800323,14837.062180559351,16980.051673787362,17836.407900433715,18057.22055878816,26342.764301582567,34488.34588225215
Romania,2739.3235684390293,2662.136673804087,2984.8911797041187,2710.9691451995227,2446.588452685988,2328.8019067417813,2442.351896874795,2429.1782774681938,2505.7102947126987,2694.546122663177,2849.508994098127,2937.530239295587,2816.9637082539616,3104.61383378325,2639.8190650985293,2431.261574357413,2515.0410737450493,2446.5973336204047,2633.0389649367335,2877.302485334911,3319.2555606547867,3502.1190188373816,4751.866683730596,5284.960581862103,5785.154499053642,6188.203306730759,6053.264686418519,5871.915954219545,5628.033535951843,8065.754523829307
Serbia,NA,1382.8942710366882,1534.889591107579,1405.0049698273658,1316.8874302718918,1905.3040524722917,1517.0658527510486,1678.0262169821185,1470.4015856400054,1358.4929497364847,1138.5246733658012,1148.7629462186585,1295.271804864758,1256.8010331981611,1235.6148063808998,1198.8147753180142,1151.3949391317706,1127.987785559252,1092.570054596477,1094.8180256098203,1013.0763477875629,1147.6216267565321,1108.049428800442,1333.9252226284516,1518.9842097271512,1599.2882187803684,2084.1287090217957,1680.6067500876995,1796.8794401048397,2219.735090683099
Slovakia,2300.7077915079462,2286.45982978944,1839.3448839865991,1438.548696997711,1256.817787491195,1306.3529989126907,1471.4587616940769,1493.849475014785,1584.3924615710332,1471.8360021294739,1595.0188121119788,1617.8801965182618,1636.515928120569,1677.1670346320489,1602.692617050219,1402.9449187464888,1203.8713305748427,1204.4435987632053,1090.569907641419,1125.8349589331024,1335.2831347477988,1369.4404687830827,1393.4353522984131,1596.2253990159174,2279.8023504190433,2494.8592840512283,2351.34517487584,2368.0197170576744,2441.648912493896,2768.6932042723975
Slovenia,527.916228777807,541.135709902289,519.161420105652,518.4394887997416,487.67522220219746,443.8188938082679,545.020815502297,604.4070245894432,629.4887118004165,667.659096145376,680.6047027096445,779.7269139980007,784.3751932547127,830.6453329606873,836.6219690226789,833.1080786162936,672.2208083669524,578.771775628795,513.1271364486281,491.7137041609599,487.453850051485,548.1718000777925,561.885659219829,586.7172219225081,658.5003113353898,641.2217069959306,814.8762854430245,855.5316147848685,912.9174031227178,931.9137357362374
Yugoslavia,NA,NA,NA,NA,NA,NA,NA,NA,NA,NA,NA,NA,NA,NA,NA,NA,NA,NA,NA,NA,NA,NA,NA,NA,NA,NA,NA,NA,NA,NA
Armenia,189.35410523372016,163.31148269533875,207.65820280736153,204.83343334109864,220.43558667575343,223.44900212910395,216.96845160435518,214.59335162216314,247.12583632862555,272.68611574255283,333.61411859225666,394.1038063343764,461.9584484833082,536.153697208267,558.8780964622263,583.8857822286413,535.043202543582,547.8546262799773,616.7718450232236,626.250696568466,677.914267607812,666.5306918231585,682.2589324313615,770.1076707362704,959.368433219317,931.9730987626798,881.2921711277793,901.6574754601033,1326.2456793866888,1416.4514745992349
Azerbaijan,171.81787466491323,151.28729459053213,173.87766139410624,198.1510611547454,258.63637811632793,274.3025875360196,309.5893865171929,333.3966995438587,416.2484477859757,504.58608500599445,591.0573659294116,1214.5425321818475,1319.3372970960536,1776.0297700219573,1568.7941468822728,1485.4710967463902,2825.966771197443,2931.5430551347076,2965.5521692985553,2976.6114753474208,3162.9791267805786,2109.5897551053613,2214.320793791063,2329.75235787249,2518.065959258411,2957.2047878477397,3349.0600413456114,3254.6462740207385,3561.670588235294,3699.4025622473364
Belarus,156.6605144639193,120.25161778035624,196.81189778250402,184.18511495914782,184.32150873804719,204.11823995915017,254.3164841272358,264.38046314977606,267.2293564537379,323.42986791908265,420.90723961308277,546.6998445684098,596.4948882154778,611.2865782187745,541.2218566183645,608.9040811888509,653.8233893568182,734.7295787320404,786.3010242833551,655.9907285891355,703.9095308704677,889.6697497017817,841.6870416617538,1040.6686417243345,985.5826932880937,1042.7357319260714,1094.9613370693323,1241.742787271547,1579.3310785419017,1725.3729133219892
Georgia,NA,144.52793052239258,90.13272900586799,87.02858658036095,67.00505058555824,45.71080142044632,58.00694958560337,82.96177049621865,100.91775348097643,140.88275826216082,374.1831439295203,635.6647871998183,1258.5758172933597,1194.681090455977,728.68457946406,546.1259964311325,491.39362446452594,509.7500795808124,463.562875853399,449.08014461009924,399.9110764898225,429.7316266003473,436.1971237890714,447.9516592030052,441.81155319335255,426.922508193889,423.58338324996794,458.6094457348125,508.40141939870364,632.3472739027155
Moldova,59.34898778632758,56.62321938482806,57.68126391270737,37.92408550921558,30.10003182825179,23.033911794505215,25.427098507877798,29.81384018724597,32.39914029028215,28.950257387510913,33.7001176329282,42.83117563094591,48.66996958154245,59.91124640036206,43.321612804725206,33.03659580331281,36.46765493616901,37.40479086596065,41.58665315845869,45.54058632422507,46.55613095928863,55.22519710334792,54.08341695412977,57.731897532755056,65.46262276418989,65.02948374260704,72.09167529320457,61.693517787906146,94.36290535631728,103.15856369255985
Russia,25863.25092256754,24420.903325547035,26698.65395063448,15877.505459654209,17632.271635195848,23790.00666577042,25709.87731742134,28481.201266197055,29863.595168379532,31213.874688561737,35471.74859457435,39261.84252406868,42736.57005954744,46957.88025440564,49267.71871044286,50269.26202757431,53649.246901218896,62160.76949904132,65190.096908799474,69865.76744408337,75301.2028112717,80726.07278942874,65414.056836522795,62949.405053537914,65770.95606627617,67316.15671184381,68649.75527153036,88877.36819714293,109203.62473837858,150533.99675193994
Ukraine,1877.024905734833,1809.1030547024334,2242.1594304090117,1812.3346820145437,1669.5151763986898,2070.1972793386863,1748.6035206427325,1859.5049252621377,2148.5477694985916,2319.0522176133995,2808.472244341909,3150.719184501381,3829.6275995363744,3746.495633197242,3431.892252939167,3452.309252854246,3172.1670008119668,3551.835206670134,3776.0041843650692,4525.233548594997,4944.911001466421,4964.674866804763,4793.451384094423,5782.799949379168,6700.552181793033,7436.04812371248,6882.835827212257,41205.16499110891,64908.02532704769,66784.43488734844
USSR,NA,NA,NA,NA,NA,NA,NA,NA,NA,NA,NA,NA,NA,NA,NA,NA,NA,NA,NA,NA,NA,NA,NA,NA,NA,NA,NA,NA,NA,NA
Austria,3781.954292095416,3746.5401786488396,3754.9572675896725,3765.205789280599,3842.1735615690673,3934.8851042249717,3666.3980511175887,3602.0139993325124,3751.2209145923584,3757.835700330009,3677.1248234997597,3531.8993928726563,4200.192691774376,4070.4391861141444,3800.8705307930713,3779.045472600022,3693.1255835148913,3644.3956382218316,3502.930678485958,3531.490296845238,3376.751528031401,3634.059369039754,3815.750825529405,3839.0269569975176,3925.7797762779837,4377.3187381788675,4486.550814898752,4000.963365117573,4452.227950613869,5096.6082507914725
Belgium,6456.537975510013,6333.722880582483,6254.074366887288,6252.343166088178,6333.8099437958435,6333.364412143569,6054.928673584966,5871.243667611603,5934.957255106303,5811.348531026861,5599.733637629888,5556.207752869636,5995.409640421878,6536.210777947337,6156.251960193959,5896.309513568335,5689.39938759489,5625.997368324211,5482.46325813487,5393.5886711982475,5193.512049288892,5172.288894163872,5175.569630283619,5288.628153703798,5406.972460719057,5887.564777469619,6500.072697814306,7364.111105769704,7629.396588605928,8196.945803391964
Cyprus,435.28536311304606,653.2538030242656,828.3319525734515,739.4464355358618,457.2916856159251,488.07630860265783,576.2801559682142,393.96141724737583,381.29373955508623,396.16095329418,430.45784271230553,423.54712009006585,401.48212317061245,402.8167301047961,439.7392699856766,456.25723890202426,422.73970745725035,385.95699412527614,348.23755832808376,328.3992300572769,367.73405383583565,336.9781124476705,399.7847667019708,472.1804092346618,511.1152513530972,526.8213969217782,555.5299042778693,566.365112917073,558.8783108111028,584.724982670327
Denmark,4365.097907536872,4378.941946542311,4435.091054950741,4484.035946712999,4456.6567851743885,4311.078010988612,4578.109952583668,4523.337387210717,4390.962952344582,4416.239652876641,4207.723174747249,4599.267654807649,4436.4211759366135,4606.734104928613,4331.67678541342,4611.844105311355,4298.610438225198,4432.9450673613,4066.01533759495,3887.334965974278,3846.7272629282616,4101.103777041054,4183.8229445542065,4786.174852837924,4938.604565812725,5251.975582941766,5349.85918143033,5801.168946302029,8132.606555213821,9781.648831013114
Finland,2481.6803976268834,2747.608625025818,2955.113629014158,3019.5870508693324,2630.72102285363,2781.3229978066784,2650.327173062092,2702.615023705397,3431.40289805219,3638.778680869866,3743.489888974394,3811.0553328011338,3590.586656498361,3870.762932587203,4063.425222082699,3973.451047085665,4037.058341406588,4086.5687593587772,4112.328413203503,3901.1284248088828,3988.639277729473,4004.2876657189445,3935.71006123709,4050.1176133577055,4092.241832617438,4265.115605898352,3984.1542156830455,4852.772829623623,5928.02105436018,6893.946825837601
France,51481.687368926796,50257.120197445816,50438.693357862816,49098.043293441835,49511.06204104163,48951.032783859184,48800.12306183683,49802.77148800267,51305.06247258664,52705.74923916978,51625.41759592246,51863.291869188884,51843.745409985604,51466.97667671234,55274.82842764469,52654.58988891242,51088.74054193869,50303.967271281814,49978.05109258996,50847.821822239406,52238.825601687364,52354.3779310855,53226.317661247194,53529.59685555821,54872.76525486181,56796.26305348323,59214.478230346474,58904.3076821479,59491.964166101265,63134.97033607691
Germany,50029.444589736704,49051.25937843426,47240.65966616953,47403.823647993755,48362.14113520286,47599.15056441937,46816.81157514388,46944.159853052304,46302.62201172814,44884.133957734375,44185.95329485191,43399.65241202466,43466.033837520554,44493.7294631867,46178.75868670387,46291.11674607101,45352.651148998564,46648.58398155051,44924.142178776594,44977.370684065136,45749.64002643144,47734.96190860998,49104.11637530295,50459.20663423516,55350.650530960505,58975.73422327501,58457.69860240413,61110.135064451206,67285.19863786241,86301.28701969642
Greece,6226.1144363169315,6599.099568989401,7032.227409679139,7662.970593160026,8022.68079904022,8467.469057373557,8281.018658193936,8123.172066084132,6959.262043158256,7651.33545140531,8273.742005546112,8602.39590611978,8595.56727213476,9555.512923928945,10018.569452200887,7698.857857541486,6198.590139400254,5482.3897928053375,5119.472698838526,5077.746415841162,5384.849427779607,5609.273531134441,5604.794360790526,5990.865575178422,5890.721719518047,6283.63406807117,8601.919670729663,9294.465842906508,7014.878933107463,7785.631037775642
Iceland,0,0,0,0,0,0,0,0,0,0,0,0,0,0,0,0,0,0,0,0,0,0,0,0,0,0,0,0,0,0
Ireland,1084.457996156222,1142.4186030016028,1210.018944586062,1220.2802947465136,1262.3779782277536,1295.3275311388823,1405.7739594902332,1349.8536866923396,1294.0153382516173,1314.1091453193233,1330.7315133378481,1319.5557524584856,1329.2863007148146,1377.1252679997317,1359.2002448876704,1295.0716494872872,1227.8338702726137,1162.8409987097216,1156.4966639112292,1152.2422202402602,1156.068341518977,1164.4498583412276,1170.3680555061962,1195.9910152121347,1255.4914215832384,1272.4000715158113,1327.510292964705,1271.3154149693503,1269.225284246827,1307.202544292824
Italy,28077.26176627238,30937.759589155987,32439.934275501146,33513.078082429616,34824.01223036165,37146.76573480562,36536.73906360217,37535.373602428954,37840.634403404314,37964.582941606495,36525.09519026629,35341.766931151724,34333.35646513529,35754.82452872557,34582.899263747255,33595.36956092741,32899.76336087992,30411.25437150022,29246.668617578704,26999.240333291084,25853.00799870511,29287.232947303866,30128.775533644883,30429.849382747365,29597.90480694063,36337.30758545161,37829.30318913095,37638.82211215955,36933.180928345166,37444.044956661644
Luxembourg,179.50126958108342,185.31895276996684,200.1580571943911,214.76519189735612,217.86740349047997,222.41325434042932,278.98539666078904,248.88604357758973,263.337845438299,276.63199560656506,279.91420867675606,274.0356878914979,284.1571994560678,212.48740961140135,210.25817799586403,265.1322893024523,228.9665699087619,223.02769552982775,231.0408129058903,247.86114307996624,292.13289376450405,275.7504983975559,366.50232359373297,377.28025238593074,420.0935843491559,455.77866574294154,406.4074200264493,543.3721927015657,662.4924663457451,849.4051607445662
Malta,51.12026926023903,54.673422660347015,53.102953637413904,48.74635316686013,47.165235133465146,45.846701524799556,48.93630768753138,48.32622847930596,49.86082681062838,52.63196651473143,66.40377144832199,53.91401589406496,53.975619402444096,55.369350659809754,60.33311877998568,61.93674058065166,54.543602540553884,51.48497299836532,53.055760224545494,55.61376718227707,60.313310409704414,69.23574100284645,72.47117727337474,70.89400437855124,88.26696075144186,92.606364323317365,89.63787505901097,85.30105311867374,112.63672153534341,106.28245199591562
Netherlands,11758.820781126264,11834.314362953808,11718.150396228128,11678.979273408047,12252.582778330407,11764.211080248855,12074.081750916837,12060.934292865377,12235.179903895683,12324.01915460231,12345.703828767473,12928.66274475458,13102.917199011265,12876.469685184165,13154.360098780062,12600.525298129432,12177.1299269654,11442.437791334183,10657.803064458458,10672.638660058343,10646.828260249466,11192.507780601774,11437.131379858862,12401.872177306359,13754.461159777145,14546.001242187329,15022.001945843775,14540.677806856775,16624.82011745844,22439.23472136319
Norway,4047.896369231384,4103.370889294945,4035.2241387500126,4302.5527865475615,4324.073427557569,4180.507520219936,4208.003433784369,5056.834248639223,4861.730715508417,4984.994312637691,4690.100893435551,4681.061257921073,4980.101558951107,5008.002057409367,5313.274687565311,5230.263979860762,5328.901891519528,5425.975823919858,5551.9976082219955,5792.595637170572,5750.436318261972,5968.127612780536,6586.771446887609,6939.502549080918,7342.408239028987,7438.901973502925,7656.294550273256,8348.207389161571,8797.762486630761,10285.498860115124
Portugal,3000.0240787483567,2894.062948353616,2952.0631479086646,2890.9704888260635,3041.086262598598,3131.7408325262645,3258.350008823643,3347.2836376607515,3251.9758866674533,3478.737567763554,3748.384881250064,3616.7064042846396,3395.2793084003542,3471.1209902072583,3714.3096392600282,3638.433082369974,3449.797343969373,3023.2063171723594,3130.8917943185556,2891.7260261331635,3031.5511725436822,3632.582640703492,3022.4410975967944,3395.186016607664,3626.141967454916,3528.144651806001,3989.581918326675,3821.499874539056,4236.15282561441,4522.613595176795
Spain,17763.32323511101,17202.479331285067,17034.4242597912,17877.063289176574,19645.587153396827,20303.51256013535,20078.18409974402,18611.220536595036,18888.66014980832,19743.8436869632,19989.67360384881,20644.34012485093,21411.1250501373,21293.384477768876,20441.338230480585,20573.921038846525,18979.547942141617,19194.69370762056,16745.77413302912,16721.153197682048,17773.82651819156,16481.020016692823,18239.58966181153,18944.551977261042,19128.265759195183,19114.459317962108,20036.930586349485,21595.6208086112,23821.202155565446,23926.441391807988
Sweden,4937.667629279601,4268.315787009672,5707.057749690407,5900.5362444916855,6158.88864789615,6347.118166041362,6282.336953151699,5893.168770669651,5850.283718182387,5505.718004949891,5577.306527526242,5490.452960531016,5634.395832087825,5011.404938391629,4914.6802220094,5318.798592176278,5001.07633112876,5105.617516923285,5135.290382184575,5440.661884373449,5499.121903088253,5571.720220384726,5571.45172548469,5755.351426800331,6264.046895101532,6518.998435185156,7185.630661936928,7962.976735266677,8754.872951012165,11718.548095512184
Switzerland,7192.752713125732,6806.2228257444485,6560.37380320349,6544.985807114855,6058.161257150419,5967.715878898341,5828.049165566528,5578.5169204432705,5433.3348539713725,5332.534289351052,5248.988341630078,4996.446225733342,5027.855989355984,5150.086960688167,5144.641070930807,4969.379022259526,5102.302838886778,5008.769389465091,5438.179128886087,4927.069576227806,5131.506115017622,5337.508669439015,5369.259432133048,5407.350292064421,5805.930882317007,6305.306041862883,5839.829547838798,6111.754152516598,6289.176348464885,6483.709492308506
United Kingdom,58146.49819790108,57590.61404753309,55545.43327004693,55726.98374049464,55429.9827194327,56545.995192603055,58785.541415526,62280.26574606237,66714.64925844912,67542.47990814758,68174.00126013276,68486.72320237113,70351.30385878409,73431.25613364227,74607.79176847765,73353.792581527,70873.88457107036,68905.82652586233,66386.66518208897,65199.676950824156,62693.344549741,62474.78222581916,62588.92324520393,63059.99739857118,65679.54544717727,66722.81795701603,67749.78404328419,68878.27865246803,75303.38748001808,77389.95642650948
European Union,NA,NA,NA,NA,NA,NA,NA,NA,NA,NA,NA,NA,NA,NA,NA,NA,NA,NA,NA,NA,NA,NA,NA,NA,NA,NA,NA,983.6426358610339,1273.7628618718156,1160.7229364692625
Bahrain,432.7145839555108,461.37122471219203,450.41905419458567,463.2845635622526,518.5312656326366,514.5885588111279,540.170338980711,647.554941888448,740.4494619760645,745.8016858998411,701.5549639957511,769.3519527360461,833.7795653032719,902.3876133746513,1009.8324454665595,1007.8945498419099,1240.8991665866788,1381.3138577178054,1524.3024147352353,1625.660290793242,1560.1845193547679,1584.7388743241459,1591.2803014005115,1553.599987717629,1568.3883329572766,1447.9745443974084,1490.7315920611786,1599.261638973513,1622.3936170212764,1364.8540760080473
Egypt,2871.544517494236,2907.7564592307112,2976.346501532325,2996.635526332834,3006.589140634177,3214.061605905473,3878.8516551290463,4379.360149287196,4474.87531386513,4233.680519416497,4225.419114557852,4323.500004523153,4354.130599723163,4054.9313064326093,3935.66025712625,3934.630148557225,3821.0354231894453,3717.9282529473003,3685.6494203319494,4023.319388918462,4265.299439334006,4018.419941226399,3390.754107122503,3331.5996068428376,3458.7058815188966,3732.6397318730324,4037.073762888737,3898.540351707707,3167.1501259135603,2661.2590652174395
Iran,2150.0168909422655,2370.8762443173746,2644.5757015751583,2646.6304156024557,2676.8961191208277,2947.1637464718756,3280.8176659380442,3531.427243517174,4121.685061392053,5326.274383613434,6333.574467881317,7583.813513945546,6973.77654766809,6709.171052398071,7019.757197409155,7142.8653602735,6164.81537838654,6418.306015934051,5168.746603551174,5153.560623338729,5479.582324747221,6290.746814781614,7077.9281472859875,6289.300970242647,5262.207395147525,5473.190062005417,6651.958915286999,6995.997485060227,7390.861136377818,6645.9683982087345
Iraq,NA,NA,NA,NA,NA,NA,NA,NA,NA,2140.4671971698085,2889.252147598374,2073.9890519217365,3174.133415844362,4195.821743642799,3999.3534165066617,4506.8099333753025,4856.405026566721,4415.982331430058,8142.451634385336,7087.548657868938,9707.577479664988,6076.42810733324,7547.245792076372,6411.497782845548,7770.8302175008785,5772.732634388136,5559.265742909534,5249.066792362005,5518.874505283099,5759.122918466838
Israel,12972.101724643157,13207.065882378749,13228.864800717547,13035.719540804657,12764.929155686958,13539.151499685424,14099.419991182125,14078.533050181499,13848.671744007637,14313.296416472378,14666.56842631132,14896.905617821509,16705.813886552194,16924.669853366446,16582.062489875363,16702.851468914632,16809.577573816965,17136.27737594257,17673.27429430995,19026.76834324069,19293.582767348063,20315.932377856003,21182.393199458493,21444.696162441793,21572.60779585163,22472.533631152906,23163.269393471895,22207.219622465684,27498.52785685238,45267.12362408014
Jordan,684.9451748082956,906.5121976988404,936.2580453987306,1014.8552705223876,1040.26283596103,1068.386545312079,1048.9431037365896,1016.3279661644051,1172.4646949908881,1087.7853530332952,1081.3836350834224,1182.7850231481616,1661.8137578026449,1920.22917481446,2234.5388525872318,2117.1040763874666,2080.645885158419,1838.502368851599,1720.674829762125,1792.4820900355048,1885.4605434958025,2082.057782638292,2208.999742395969,2134.291927084856,2198.6214995127407,2216.985602307245,2316.1210834294484,2383.246053341628,2450.2391030452545,2507.179653595037
Kuwait,8085.078725512426,6875.928929492981,5238.993766395789,4887.846738724274,4749.317565493626,5544.97366648108,5449.554633389923,5623.441718542821,6060.306136918812,6522.862536259113,6312.6540408043675,6240.465810349567,6628.558030109747,6103.100792285104,5933.36476453997,5824.549155009629,6655.646005558016,7202.565277997349,6814.623368014739,6801.285656906425,6850.301643280134,7491.161371709841,7726.248253721028,8108.522231576209,8299.949598865192,7727.819951250152,9524.800363945837,8516.195249001312,7755.031935627665,7555.304448220574
Lebanon,1214.1421514731808,1065.3613949205444,892.9670708230642,860.6539782289811,1020.995416686272,1148.3234668757884,1187.9030494395438,1105.1551282818086,1110.4662818389636,1129.0846287915933,1146.728919368471,1138.6407073158462,1249.6315663816451,1145.1382495008568,1380.02484168652,1475.3056302000473,1441.893621559515,1461.547683802509,1535.9678117736883,1768.4703494786754,1812.5479582594653,2126.2814170446863,1908.8776111979496,2046.0963514827006,1804.3932251558906,743.8389875715228,290.93247041926435,246.46475301637298,286.21731780181096,453.0084749487151
Oman,2414.262254319831,2280.711896086941,2360.398072682528,2090.4780892734043,2114.9255637748715,2518.6822915715607,2930.1010333291174,3016.7340206511467,3172.21564120194,3570.9333726776845,4302.495932212248,4585.450758096021,4651.02142840758,4416.753697473632,4151.569659230494,4383.479060388288,5738.66523603329,10311.794069971651,9670.795238975506,8969.267350948516,8221.359812124132,8565.495826102837,7226.879827841738,7966.906741267378,6865.090349448736,6413.997300456001,5984.9284678933745,5838.473438004597,5851.7555266579975,5911.434201135474
Qatar,NA,NA,NA,NA,NA,NA,NA,1529.2256388399767,1541.788596743696,1421.0871467683785,1500.6570859233655,1611.3289064733815,2076.3153111591696,2677.2086441554043,2365.819655753164,2335.5286919796995,NA,NA,NA,NA,NA,NA,NA,NA,NA,NA,12541.070654449351,15878.711836402663,NA,NA
Saudi Arabia,22427.09860184997,22390.873864054458,30407.80218503305,35126.1125367431,31263.62573058912,34457.259389676234,36702.31905149829,32215.615295157928,32444.631677052374,36002.24038440192,43476.054622620366,49525.37694032311,57047.10727112142,55990.18935005123,57539.62254280358,59887.64140616963,60701.087527250784,68696.86054407968,78710.46165401416,92775.25781454997,98960.63376455799,70807.1552691961,78949.87235423211,81666.23471111133,73071.79842480402,69768.81786466595,66265.12660434241,72570.36881222838,77765.33333333334,78953.62723106716
Syria,NA,NA,NA,NA,NA,NA,NA,NA,NA,NA,NA,NA,NA,NA,NA,NA,NA,NA,NA,NA,NA,NA,NA,NA,NA,NA,NA,NA,NA,NA
Trkiye,8313.635645627104,9304.411812487655,9697.129136094401,10160.982936415756,11219.242374336905,10857.719316332794,9953.499545358982,10590.505207828079,9848.759047481342,9152.466221618075,8821.3233061599,9233.968782094553,8903.60526466004,9031.775149745454,9664.084937351605,9493.114514953118,9574.547477661481,9809.525509017383,10074.223220608139,10147.72911054429,10442.04707977235,12242.601720954835,13140.21268084131,16678.568582280128,17729.790546261265,15070.378798030746,15333.864750175402,16429.033296339163,19577.83192354367,21884.408730506595
United Arab Emirates,NA,NA,7556.54799472579,8910.415402011553,9211.861612395864,12616.733816298556,12110.44094536022,10866.265485821832,11483.446041646755,12772.61037737423,11652.233253402317,11568.241832716663,12292.063291658116,14973.814419758462,17629.00761071412,22108.712055887612,24016.202277326676,23662.105509046127,28985.925723296794,27352.579718317782,NA,NA,NA,NA,NA,NA,NA,NA,NA,NA
"Yemen, North",NA,NA,NA,NA,NA,NA,NA,NA,NA,NA,NA,NA,NA,NA,NA,NA,NA,NA,NA,NA,NA,NA,NA,NA,NA,NA,NA,NA,NA,NA
Yemen,3646.9182382620716,3319.9967670426113,4258.309368440996,4089.628464922242,4433.695505467089,5275.82674482775,5606.6708574344675,7100.917509098356,7327.117800826537,5975.672398526586,6142.749373356803,5747.532851967172,6871.802842042408,6604.835447622556,7555.8876079946,7499.151780360602,6799.862264903101,6229.430783893289,5731.793730155738,5514.5771025113745,NA,NA,NA,NA,NA,NA,NA,NA,NA,NA
